[{"model": "admin.logentry", "pk": 1, "fields": {"action_time": "2020-11-30T01:24:12.484Z", "user": 1, "content_type": 9, "object_id": "903", "object_repr": "1-fgfgf", "action_flag": 1, "change_message": "[{\"added\": {}}]"}}, {"model": "admin.logentry", "pk": 2, "fields": {"action_time": "2020-11-30T01:24:28.464Z", "user": 1, "content_type": 9, "object_id": "903", "object_repr": "1-fgfgf", "action_flag": 3, "change_message": ""}}, {"model": "admin.logentry", "pk": 3, "fields": {"action_time": "2022-03-12T13:07:13.519Z", "user": 1, "content_type": 8, "object_id": "141", "object_repr": "category-0", "action_flag": 3, "change_message": ""}}, {"model": "admin.logentry", "pk": 4, "fields": {"action_time": "2022-03-12T13:07:13.523Z", "user": 1, "content_type": 8, "object_id": "142", "object_repr": "category-0", "action_flag": 3, "change_message": ""}}, {"model": "admin.logentry", "pk": 5, "fields": {"action_time": "2022-03-12T13:07:13.527Z", "user": 1, "content_type": 8, "object_id": "143", "object_repr": "category-1", "action_flag": 3, "change_message": ""}}, {"model": "admin.logentry", "pk": 6, "fields": {"action_time": "2022-03-12T13:07:13.531Z", "user": 1, "content_type": 8, "object_id": "144", "object_repr": "category-2", "action_flag": 3, "change_message": ""}}, {"model": "admin.logentry", "pk": 7, "fields": {"action_time": "2022-03-12T13:07:13.534Z", "user": 1, "content_type": 8, "object_id": "145", "object_repr": "category-3", "action_flag": 3, "change_message": ""}}, {"model": "contenttypes.contenttype", "pk": 1, "fields": {"app_label": "admin", "model": "logentry"}}, {"model": "contenttypes.contenttype", "pk": 2, "fields": {"app_label": "auth", "model": "permission"}}, {"model": "contenttypes.contenttype", "pk": 3, "fields": {"app_label": "auth", "model": "group"}}, {"model": "contenttypes.contenttype", "pk": 4, "fields": {"app_label": "auth", "model": "user"}}, {"model": "contenttypes.contenttype", "pk": 5, "fields": {"app_label": "contenttypes", "model": "contenttype"}}, {"model": "contenttypes.contenttype", "pk": 6, "fields": {"app_label": "sessions", "model": "session"}}, {"model": "contenttypes.contenttype", "pk": 7, "fields": {"app_label": "app", "model": "vendor"}}, {"model": "contenttypes.contenttype", "pk": 8, "fields": {"app_label": "app", "model": "category"}}, {"model": "contenttypes.contenttype", "pk": 9, "fields": {"app_label": "app", "model": "product"}}, {"model": "contenttypes.contenttype", "pk": 10, "fields": {"app_label": "app", "model": "filter"}}, {"model": "contenttypes.contenttype", "pk": 11, "fields": {"app_label": "app", "model": "productvendordetails"}}, {"model": "contenttypes.contenttype", "pk": 12, "fields": {"app_label": "app", "model": "starturl"}}, {"model": "contenttypes.contenttype", "pk": 13, "fields": {"app_label": "app", "model": "scrapyitem"}}, {"model": "sessions.session", "pk": "2z8vol8qxl2fcf0ypix5dkfwu0v6vgce", "fields": {"session_data": ".eJxVjEEOwiAQRe_C2hCKwAwu3fcMZDqAVA0kpV0Z765NutDtf-_9lwi0rSVsPS1hjuIiBnH63SbiR6o7iHeqtya51XWZJ7kr8qBdji2m5_Vw_w4K9fKts2H0iF6lrNGSg0GdtQXnXY6OMZI1nlVCa6xLgN4o47JmIAYFVoF4fwDAATa0:1kjBZz:Sul_DRQS7furWDRQTXbIQIDg-ByJf0VOnI8-4ts5HPY", "expire_date": "2020-12-13T01:32:43.607Z"}}, {"model": "sessions.session", "pk": "9ydl272d9llj98ktxj7q7i0i38zkstcg", "fields": {"session_data": ".eJxVjEEOwiAQRe_C2hCKwAwu3fcMZDqAVA0kpV0Z765NutDtf-_9lwi0rSVsPS1hjuIiBnH63SbiR6o7iHeqtya51XWZJ7kr8qBdji2m5_Vw_w4K9fKts2H0iF6lrNGSg0GdtQXnXY6OMZI1nlVCa6xLgN4o47JmIAYFVoF4fwDAATa0:1nT1Qs:dhEGQyX_7SCK-arMXRqj2N15p03CVOpD0ahHwhBDtQw", "expire_date": "2022-03-26T13:05:18.781Z"}}, {"model": "app.vendor", "pk": 46, "fields": {"name": "mytek", "website": "https://mytek.tn/", "logo_url": "https://web-assets-mk.s3.amazonaws.com/img/mytek-informatique-logo-1482243620.jpg", "css_selectors": {"ref_selector": ".editable::text", "name_selector": "h1::text", "image_selector": "#bigpic::attr(src)", "price_selector": "#our_price_display::text", "specs_selector": "#idTab2 td", "product_selector": "#center_column .product-name", "pagination_selector": "#pagination_next_bottom a"}}}, {"model": "app.vendor", "pk": 47, "fields": {"name": "tunisianet", "website": "https://www.tunisianet.com.tn/", "logo_url": "https://www.tunisianet.com.tn/img/tunisianet-logo-1573421421.jpg", "css_selectors": {}}}, {"model": "app.vendor", "pk": 48, "fields": {"name": "wiki", "website": "https://www.wiki.tn/", "logo_url": "https://www.wiki.tn/img/logo.jpg", "css_selectors": {"ref_selector": ".editable::text", "name_selector": "h1::text", "image_selector": "#bigpic::attr(src)", "price_selector": "#our_price_display::text", "specs_selector": "td", "product_selector": "#product_list .product-name", "pagination_selector": "#pagination_next_bottom a"}}}, {"model": "app.vendor", "pk": 49, "fields": {"name": "scoop", "website": "https://www.scoop.com.tn/", "logo_url": "https://www.scoop.com.tn/img/sp-g3shop-logo-1591977520.jpg", "css_selectors": {}}}, {"model": "app.vendor", "pk": 50, "fields": {"name": "sbsinformatique", "website": "https://www.sbsinformatique.com/", "logo_url": "https://www.sbsinformatique.com/img/prestashop-logo-1585766163.jpg", "css_selectors": {}}}, {"model": "app.category", "pk": 127, "fields": {"name": "Clothing", "icon": "fab fa-pied-piper-hat", "is_active": false, "parent": null, "lft": 1, "rght": 2, "tree_id": 1, "level": 0}}, {"model": "app.category", "pk": 128, "fields": {"name": "Food", "icon": "fas fa-pizza-slice", "is_active": false, "parent": null, "lft": 1, "rght": 2, "tree_id": 2, "level": 0}}, {"model": "app.category", "pk": 129, "fields": {"name": "Electronics", "icon": "fab fa-teamspeak", "is_active": true, "parent": null, "lft": 1, "rght": 16, "tree_id": 3, "level": 0}}, {"model": "app.category", "pk": 130, "fields": {"name": "Computers", "icon": "fas fa-laptop", "is_active": true, "parent": 129, "lft": 2, "rght": 11, "tree_id": 3, "level": 1}}, {"model": "app.category", "pk": 131, "fields": {"name": "Regular laptop", "icon": "", "is_active": true, "parent": 130, "lft": 3, "rght": 4, "tree_id": 3, "level": 2}}, {"model": "app.category", "pk": 132, "fields": {"name": "Gaming laptop", "icon": "", "is_active": true, "parent": 130, "lft": 5, "rght": 6, "tree_id": 3, "level": 2}}, {"model": "app.category", "pk": 133, "fields": {"name": "Ultrabook", "icon": "", "is_active": true, "parent": 130, "lft": 7, "rght": 8, "tree_id": 3, "level": 2}}, {"model": "app.category", "pk": 134, "fields": {"name": "Macbook", "icon": "", "is_active": true, "parent": 130, "lft": 9, "rght": 10, "tree_id": 3, "level": 2}}, {"model": "app.category", "pk": 135, "fields": {"name": "SmartPhone", "icon": "fas fa-mobile-alt", "is_active": false, "parent": 129, "lft": 12, "rght": 13, "tree_id": 3, "level": 1}}, {"model": "app.category", "pk": 136, "fields": {"name": "Camera", "icon": "fas fa-camera-retro", "is_active": false, "parent": 129, "lft": 14, "rght": 15, "tree_id": 3, "level": 1}}, {"model": "app.category", "pk": 137, "fields": {"name": "Beauty", "icon": "fab fa-studiovinari", "is_active": false, "parent": null, "lft": 1, "rght": 2, "tree_id": 4, "level": 0}}, {"model": "app.category", "pk": 138, "fields": {"name": "Travel", "icon": "fas fa-fighter-jet", "is_active": false, "parent": null, "lft": 1, "rght": 2, "tree_id": 5, "level": 0}}, {"model": "app.category", "pk": 139, "fields": {"name": "Jobs", "icon": "fas fa-search-dollar", "is_active": false, "parent": null, "lft": 1, "rght": 2, "tree_id": 6, "level": 0}}, {"model": "app.category", "pk": 140, "fields": {"name": "Painting", "icon": "fas fa-paint-brush", "is_active": false, "parent": null, "lft": 1, "rght": 2, "tree_id": 7, "level": 0}}, {"model": "app.filter", "pk": 99, "fields": {"fields": "[\"screen_size\", \"screen_resolution\", \"screen_frequency\", \"ssd\", \"hard_disk\", \"cpu\", \"cpu_gen\", \"cpu_frequency\", \"cpu_cache\", \"gpu\", \"ram\", \"ram_type\", \"os\", \"warranty\", \"color\"]", "category": 127}}, {"model": "app.filter", "pk": 100, "fields": {"fields": "[\"screen_size\", \"screen_resolution\", \"screen_frequency\", \"ssd\", \"hard_disk\", \"cpu\", \"cpu_gen\", \"cpu_frequency\", \"cpu_cache\", \"gpu\", \"ram\", \"ram_type\", \"os\", \"warranty\", \"color\"]", "category": 128}}, {"model": "app.filter", "pk": 101, "fields": {"fields": "[\"screen_size\", \"screen_resolution\", \"screen_frequency\", \"ssd\", \"hard_disk\", \"cpu\", \"cpu_gen\", \"cpu_frequency\", \"cpu_cache\", \"gpu\", \"ram\", \"ram_type\", \"os\", \"warranty\", \"color\"]", "category": 129}}, {"model": "app.filter", "pk": 102, "fields": {"fields": "[\"screen_size\", \"screen_resolution\", \"screen_frequency\", \"ssd\", \"hard_disk\", \"cpu\", \"cpu_gen\", \"cpu_frequency\", \"cpu_cache\", \"gpu\", \"ram\", \"ram_type\", \"os\", \"warranty\", \"color\"]", "category": 130}}, {"model": "app.filter", "pk": 103, "fields": {"fields": "[\"screen_size\", \"screen_resolution\", \"screen_frequency\", \"ssd\", \"hard_disk\", \"cpu\", \"cpu_gen\", \"cpu_frequency\", \"cpu_cache\", \"gpu\", \"ram\", \"ram_type\", \"os\", \"warranty\", \"color\"]", "category": 131}}, {"model": "app.filter", "pk": 104, "fields": {"fields": "[\"screen_size\", \"screen_resolution\", \"screen_frequency\", \"ssd\", \"hard_disk\", \"cpu\", \"cpu_gen\", \"cpu_frequency\", \"cpu_cache\", \"gpu\", \"ram\", \"ram_type\", \"os\", \"warranty\", \"color\"]", "category": 132}}, {"model": "app.filter", "pk": 105, "fields": {"fields": "[\"screen_size\", \"screen_resolution\", \"screen_frequency\", \"ssd\", \"hard_disk\", \"cpu\", \"cpu_gen\", \"cpu_frequency\", \"cpu_cache\", \"gpu\", \"ram\", \"ram_type\", \"os\", \"warranty\", \"color\"]", "category": 133}}, {"model": "app.filter", "pk": 106, "fields": {"fields": "[\"screen_size\", \"screen_resolution\", \"screen_frequency\", \"ssd\", \"hard_disk\", \"cpu\", \"cpu_gen\", \"cpu_frequency\", \"cpu_cache\", \"gpu\", \"ram\", \"ram_type\", \"os\", \"warranty\", \"color\"]", "category": 134}}, {"model": "app.filter", "pk": 107, "fields": {"fields": "[\"screen_size\", \"screen_resolution\", \"screen_frequency\", \"ssd\", \"hard_disk\", \"cpu\", \"cpu_gen\", \"cpu_frequency\", \"cpu_cache\", \"gpu\", \"ram\", \"ram_type\", \"os\", \"warranty\", \"color\"]", "category": 135}}, {"model": "app.filter", "pk": 108, "fields": {"fields": "[\"screen_size\", \"screen_resolution\", \"screen_frequency\", \"ssd\", \"hard_disk\", \"cpu\", \"cpu_gen\", \"cpu_frequency\", \"cpu_cache\", \"gpu\", \"ram\", \"ram_type\", \"os\", \"warranty\", \"color\"]", "category": 136}}, {"model": "app.filter", "pk": 109, "fields": {"fields": "[\"screen_size\", \"screen_resolution\", \"screen_frequency\", \"ssd\", \"hard_disk\", \"cpu\", \"cpu_gen\", \"cpu_frequency\", \"cpu_cache\", \"gpu\", \"ram\", \"ram_type\", \"os\", \"warranty\", \"color\"]", "category": 137}}, {"model": "app.filter", "pk": 110, "fields": {"fields": "[\"screen_size\", \"screen_resolution\", \"screen_frequency\", \"ssd\", \"hard_disk\", \"cpu\", \"cpu_gen\", \"cpu_frequency\", \"cpu_cache\", \"gpu\", \"ram\", \"ram_type\", \"os\", \"warranty\", \"color\"]", "category": 138}}, {"model": "app.filter", "pk": 111, "fields": {"fields": "[\"screen_size\", \"screen_resolution\", \"screen_frequency\", \"ssd\", \"hard_disk\", \"cpu\", \"cpu_gen\", \"cpu_frequency\", \"cpu_cache\", \"gpu\", \"ram\", \"ram_type\", \"os\", \"warranty\", \"color\"]", "category": 139}}, {"model": "app.filter", "pk": 112, "fields": {"fields": "[\"screen_size\", \"screen_resolution\", \"screen_frequency\", \"ssd\", \"hard_disk\", \"cpu\", \"cpu_gen\", \"cpu_frequency\", \"cpu_cache\", \"gpu\", \"ram\", \"ram_type\", \"os\", \"warranty\", \"color\"]", "category": 140}}, {"model": "app.starturl", "pk": 73, "fields": {"start_url": "https://www.mytek.tn/13-pc-portable#/gamer-non", "category": 131, "vendor": 46}}, {"model": "app.starturl", "pk": 74, "fields": {"start_url": "https://www.mytek.tn/13-pc-portable#/gamer-oui", "category": 132, "vendor": 46}}, {"model": "app.starturl", "pk": 75, "fields": {"start_url": "https://www.mytek.tn/13-pc-portable#/type-ultrabook", "category": 133, "vendor": 46}}, {"model": "app.starturl", "pk": 76, "fields": {"start_url": "https://www.mytek.tn/379-mac", "category": 134, "vendor": 46}}, {"model": "app.starturl", "pk": 77, "fields": {"start_url": "https://www.wiki.tn/c/pc-portable-120.html", "category": 131, "vendor": 48}}, {"model": "app.starturl", "pk": 78, "fields": {"start_url": "https://www.wiki.tn/c/pc-portable-gamer-85.html", "category": 132, "vendor": 48}}, {"model": "app.starturl", "pk": 79, "fields": {"start_url": "https://www.wiki.tn/c/transformer-121.html", "category": 133, "vendor": 48}}, {"model": "app.starturl", "pk": 80, "fields": {"start_url": "https://www.wiki.tn/c/macbook-568.html", "category": 134, "vendor": 48}}]